﻿Designator,Footprint,Quantity,Value,LCSC Part #
12V,TestPoint_Pad_1.0x1.0mm,1,TP_12V,
12V1,SODFL5026X125N,1,SMAF4742A,
24V_2,TestPoint_Pad_1.0x1.0mm,1,TP_B_NEG,
"24V, FAN_A_NEG, FAN_B_NEG, LVPWR10, LVPWR11, LVPWR12, LVPWR13, LVPWR14, LVPWR15, LVPWR2, LVPWR3, LVPWR4, LVPWR5, LVPWR6, LVPWR7, LVPWR8, LVPWR9",0603,17,LED,
3V3,TestPoint_Pad_1.0x1.0mm,1,TP_3V3,
"C1, C14, C15, C7, C8",0805,5,10u,
"C10, C20, C21, C9",0603,4,0.1u,
"C11, C4",0603,2,1u,
"C12, C5",0603,2,220n,
"C13, C6",0603,2,.1u,
"C16, C2",0603,2,100n,
"C17, C18, C3",0805,3,22u,
C_D1,0805,1,20mA,
C_F1,FUSE_3568,1,10A,
C_R2,0805,1,4.3k,
"D5, D7",D_SOD-523,2,1N4148WT,
DRIVE_C,TestPoint_Pad_1.0x1.0mm,1,TP_D_C,
"FANS, PWR + CAN",Molex_Nano-Fit_105309-xx06_1x06_P2.50mm_Vertical,2,Conn_01x06,
FAULT1,TestPoint_Pad_1.0x1.0mm,1,TP_F,
GND,TestPoint_Pad_1.0x1.0mm,1,TP_GND,
"IC1, IC2",SOT65P280X110-8N,2,LM74502HDDFR,
J1,PeripheralSOM,1,53307-2471,
L1,L_6.3x6.3_H3,1,6.8u,
LED,TestPoint_Pad_1.0x1.0mm,1,LED,
LED1,TestPoint_Pad_1.0x1.0mm,1,LED1,
LED2,TestPoint_Pad_1.0x1.0mm,1,LED2,
LED3,TestPoint_Pad_1.0x1.0mm,1,LED3,
LED4,TestPoint_Pad_1.0x1.0mm,1,LED4,
LED5,TestPoint_Pad_1.0x1.0mm,1,LED5,
MESSAGE1,TestPoint_Pad_1.0x1.0mm,1,TP_M,
MOCO-IN,Molex_Microfit3.0_02x03_6-Pin-Vertical-PCB-Receptacle_447690601,1,MotorController-in,
MOCO-OUT,Molex_Microfit3.0_02x03_6-Pin-Vertical-PCB-Receptacle_447690601,1,MotorController-out,
OVC1,TestPoint_Pad_1.0x1.0mm,1,TP_OC,
PEAK,Molex_Nano-Fit_105309-xx02_1x02_P2.50mm_Vertical,1,PEAK,
PWM_A2,TestPoint_Pad_1.0x1.0mm,1,TP_PWM_A,
PWM_B2,TestPoint_Pad_1.0x1.0mm,1,TP_PWM_B,
PWR MPPT,Molex_Nano-Fit_105309-xx02_1x02_P2.50mm_Vertical,1,Power MPPT,
"Q1, Q5, Q6, Q7",PSMN8R5-40MSDX,4,PSMN8R5-40MSDX,
Q2,BUK9M34100EX,1,PSMN8R5-40MSDX,
R1,0603,1,30,
R10,0603,1,0,
R11,0603,1,100k,
R12,0603,1,9。5k,
"R13, R14, R9, R_A_TACH_PD1, R_B_TACH_PD1, R_PD1, R_PD2, R_PD3",0603,8,10k,
"R15, R19, R20, R21, R22, R23, R24, R26, R27, R28, R29, R3, R4, R5, R6, R7, R8",0603,17,4.3k,
R16,0603,1,220k,
R17,0603,1,120,
R18,0603,1,200k,
R2,0603,1,140k,
R25,0603,1,9k,
"R_G1, R_G2, R_G3",0603,3,100,
TACH_A,TestPoint_Pad_1.0x1.0mm,1,TP_A_TACH,
TACH_B,TestPoint_Pad_1.0x1.0mm,1,TP_B_TACH,
TERM JUMPER,PinHeader_1x02_P2.54mm_Vertical,1,TRM,
TVS1,Nexperia_DSN1608-2_1.6x0.8mm,1,PTVS5V0Z1USK,
U1,SOT-23-6,1,TPS56339DDC,
"Z1, Z2",SODFL5026X125N,2,SMAF4751A-TP,
"Z3, Z4",SODFL5026X125N,2,SMAF4744A,
